{
  "observation_zones": [
    {
      "label": "OZ1",
      "location": [534.9375590269772, 711.0421892347351],
      "verteces": [[520.2381914389858, 665.588595436965], [498.5290101479627, 674.634029430279], [494.6848298748011, 681.4187280265543], [496.0417789294262, 682.5491530074921], [490.38845654064687, 692.725273013772], [479.921187774016, 717.8340827310117]]
    }
  ]
}

