{
  "observation_zones": [
    {
      "label": "OZ1",
      "location": [43.56125, 1.46786],
      "verteces": [[43.56156, 1.46837], [43.56175, 1.46820], [43.56157, 1.46786], [43.56180, 1.46763], [43.56161, 1.46724], [43.56148, 1.46737]]
    }
  ]
}

