{
  "observation_zones": [
    {
      "label": "OZ1",
      "location": [807.6813707231184, 878.801806486168],
      "verteces": [[785.9714023639132, 829.4018774137298], [771.0212207944703, 842.5318214663428], [767.12132729476, 849.4218743729267], [768.4214160814576, 850.3316750683845], [763.091435740827, 860.7318337316276], [754.6413475333771, 884.261801333258]]
    }
  ]
}

